,County Name,FIPS #,County #,Public Health Region (11),Health Service Region (8),Metropolitan Statistical Area (MSA),Metropolitan Divisions (MD),Metro Area (82),NCHS Urban Rural Classification (2006),NCHS Urban Rural Classification (2013),Border 32 (La Paz Agreement),Border 15
0,Anderson,48001.0,1.0,4.0,4/5N,--,--,Non-Metro,Micropolitan,Micropolitan,Non-Border,Non-Border
1,Andrews,48003.0,2.0,9.0,9/10,--,--,Non-Metro,Micropolitan,Micropolitan,Non-Border,Non-Border
2,Angelina,48005.0,3.0,5.0,4/5N,--,--,Non-Metro,Micropolitan,Micropolitan,Non-Border,Non-Border
3,Aransas,48007.0,4.0,11.0,11,Corpus Christi,--,Metro,Medium Metro,Medium Metro,Non-Border,Non-Border
4,Archer,48009.0,5.0,2.0,2/3,Wichita Falls,--,Metro,Small Metro,Small Metro,Non-Border,Non-Border
5,Armstrong,48011.0,6.0,1.0,1,Amarillo,--,Metro,Small Metro,Medium Metro,Non-Border,Non-Border
6,Atascosa,48013.0,7.0,8.0,8,San Antonio-New Braunfels,--,Metro,Large Fringe Metro,Large Fringe Metro,Non-Border,Non-Border
7,Austin,48015.0,8.0,6.0,6/5S,Houston-The Woodlands-Sugar Land,--,Metro,Large Fringe Metro,Large Fringe Metro,Non-Border,Non-Border
8,Bailey,48017.0,9.0,1.0,1,--,--,Non-Metro,Noncore,Non-core,Non-Border,Non-Border
9,Bandera,48019.0,10.0,8.0,8,San Antonio-New Braunfels,--,Metro,Large Fringe Metro,Large Fringe Metro,Non-Border,Non-Border
10,Bastrop,48021.0,11.0,7.0,7,Austin-Round Rock,--,Metro,Large Fringe Metro,Large Fringe Metro,Non-Border,Non-Border
11,Baylor,48023.0,12.0,2.0,2/3,--,--,Non-Metro,Noncore,Non-core,Non-Border,Non-Border
12,Bee,48025.0,13.0,11.0,11,--,--,Non-Metro,Micropolitan,Micropolitan,Non-Border,Non-Border
13,Bell,48027.0,14.0,7.0,7,Killeen-Temple,--,Metro,Medium Metro,Medium Metro,Non-Border,Non-Border
14,Bexar,48029.0,15.0,8.0,8,San Antonio-New Braunfels,--,Metro,Large Central Metro,Large Central Metro,Non-Border,Non-Border
15,Blanco,48031.0,16.0,7.0,7,--,--,Non-Metro,Noncore,Non-core,Non-Border,Non-Border
16,Borden,48033.0,17.0,9.0,9/10,--,--,Non-Metro,Noncore,Non-core,Non-Border,Non-Border
17,Bosque,48035.0,18.0,7.0,7,--,--,Non-Metro,Noncore,Non-core,Non-Border,Non-Border
18,Bowie,48037.0,19.0,4.0,4/5N,Texarkana,--,Metro,Small Metro,Small Metro,Non-Border,Non-Border
19,Brazoria,48039.0,20.0,6.0,6/5S,Houston-The Woodlands-Sugar Land,--,Metro,Large Fringe Metro,Large Fringe Metro,Non-Border,Non-Border
20,Brazos,48041.0,21.0,7.0,7,College Station-Bryan,--,Metro,Small Metro,Small Metro,Non-Border,Non-Border
21,Brewster,48043.0,22.0,10.0,9/10,--,--,Non-Metro,Noncore,Non-core,Border,Border
22,Briscoe,48045.0,23.0,1.0,1,--,--,Non-Metro,Noncore,Non-core,Non-Border,Non-Border
23,Brooks,48047.0,24.0,11.0,11,--,--,Non-Metro,Noncore,Non-core,Border,Non-Border
24,Brown,48049.0,25.0,2.0,2/3,--,--,Non-Metro,Micropolitan,Micropolitan,Non-Border,Non-Border
25,Burleson,48051.0,26.0,7.0,7,College Station-Bryan,--,Metro,Small Metro,Small Metro,Non-Border,Non-Border
26,Burnet,48053.0,27.0,7.0,7,--,--,Non-Metro,Noncore,Non-core,Non-Border,Non-Border
27,Caldwell,48055.0,28.0,7.0,7,Austin-Round Rock,--,Metro,Large Fringe Metro,Large Fringe Metro,Non-Border,Non-Border
28,Calhoun,48057.0,29.0,8.0,8,--,--,Non-Metro,Small Metro,Micropolitan,Non-Border,Non-Border
29,Callahan,48059.0,30.0,2.0,2/3,Abilene,--,Metro,Small Metro,Small Metro,Non-Border,Non-Border
30,Cameron,48061.0,31.0,11.0,11,Brownsville-Harlingen,--,Metro,Medium Metro,Medium Metro,Border,Border
31,Camp,48063.0,32.0,4.0,4/5N,--,--,Non-Metro,Noncore,Non-core,Non-Border,Non-Border
32,Carson,48065.0,33.0,1.0,1,Amarillo,--,Metro,Small Metro,Medium Metro,Non-Border,Non-Border
33,Cass,48067.0,34.0,4.0,4/5N,--,--,Non-Metro,Noncore,Non-core,Non-Border,Non-Border
34,Castro,48069.0,35.0,1.0,1,--,--,Non-Metro,Noncore,Non-core,Non-Border,Non-Border
35,Chambers,48071.0,36.0,6.0,6/5S,Houston-The Woodlands-Sugar Land,--,Metro,Large Fringe Metro,Large Fringe Metro,Non-Border,Non-Border
36,Cherokee,48073.0,37.0,4.0,4/5N,--,--,Non-Metro,Micropolitan,Micropolitan,Non-Border,Non-Border
37,Childress,48075.0,38.0,1.0,1,--,--,Non-Metro,Noncore,Non-core,Non-Border,Non-Border
38,Clay,48077.0,39.0,2.0,2/3,Wichita Falls,--,Metro,Small Metro,Small Metro,Non-Border,Non-Border
39,Cochran,48079.0,40.0,1.0,1,--,--,Non-Metro,Noncore,Non-core,Non-Border,Non-Border
40,Coke,48081.0,41.0,9.0,9/10,--,--,Non-Metro,Noncore,Non-core,Non-Border,Non-Border
41,Coleman,48083.0,42.0,2.0,2/3,--,--,Non-Metro,Noncore,Non-core,Non-Border,Non-Border
42,Collin,48085.0,43.0,3.0,2/3,Dallas-Fort Worth-Arlington,Dallas-Plano-Irving MD,Metro,Large Fringe Metro,Large Central Metro,Non-Border,Non-Border
43,Collingsworth,48087.0,44.0,1.0,1,--,--,Non-Metro,Noncore,Non-core,Non-Border,Non-Border
44,Colorado,48089.0,45.0,6.0,6/5S,--,--,Non-Metro,Noncore,Non-core,Non-Border,Non-Border
45,Comal,48091.0,46.0,8.0,8,San Antonio-New Braunfels,--,Metro,Large Fringe Metro,Large Fringe Metro,Non-Border,Non-Border
46,Comanche,48093.0,47.0,2.0,2/3,--,--,Non-Metro,Noncore,Non-core,Non-Border,Non-Border
47,Concho,48095.0,48.0,9.0,9/10,--,--,Non-Metro,Noncore,Non-core,Non-Border,Non-Border
48,Cooke,48097.0,49.0,3.0,2/3,--,--,Non-Metro,Micropolitan,Micropolitan,Non-Border,Non-Border
49,Coryell,48099.0,50.0,7.0,7,Killeen-Temple,--,Metro,Medium Metro,Medium Metro,Non-Border,Non-Border
50,Cottle,48101.0,51.0,2.0,2/3,--,--,Non-Metro,Noncore,Non-core,Non-Border,Non-Border
51,Crane,48103.0,52.0,9.0,9/10,--,--,Non-Metro,Noncore,Non-core,Non-Border,Non-Border
52,Crockett,48105.0,53.0,9.0,9/10,--,--,Non-Metro,Noncore,Non-core,Border,Non-Border
53,Crosby,48107.0,54.0,1.0,1,Lubbock,--,Metro,Medium Metro,Medium Metro,Non-Border,Non-Border
54,Culberson,48109.0,55.0,10.0,9/10,--,--,Non-Metro,Noncore,Non-core,Border,Non-Border
55,Dallam,48111.0,56.0,1.0,1,--,--,Non-Metro,Noncore,Non-core,Non-Border,Non-Border
56,Dallas,48113.0,57.0,3.0,2/3,Dallas-Fort Worth-Arlington,Dallas-Plano-Irving MD,Metro,Large Central Metro,Large Central Metro,Non-Border,Non-Border
57,Dawson,48115.0,58.0,9.0,9/10,--,--,Non-Metro,Micropolitan,Micropolitan,Non-Border,Non-Border
58,Deaf Smith,48117.0,59.0,1.0,1,--,--,Non-Metro,Micropolitan,Micropolitan,Non-Border,Non-Border
59,Delta,48119.0,60.0,4.0,4/5N,--,--,Non-Metro,Large Fringe Metro,Non-core,Non-Border,Non-Border
60,Denton,48121.0,61.0,3.0,2/3,Dallas-Fort Worth-Arlington,Dallas-Plano-Irving MD,Metro,Large Fringe Metro,Large Fringe Metro,Non-Border,Non-Border
61,DeWitt,48123.0,62.0,8.0,8,--,--,Non-Metro,Noncore,Non-core,Non-Border,Non-Border
62,Dickens,48125.0,63.0,1.0,1,--,--,Non-Metro,Noncore,Non-core,Non-Border,Non-Border
63,Dimmit,48127.0,64.0,8.0,8,--,--,Non-Metro,Noncore,Non-core,Border,Non-Border
64,Donley,48129.0,65.0,1.0,1,--,--,Non-Metro,Noncore,Non-core,Non-Border,Non-Border
65,Duval,48131.0,66.0,11.0,11,--,--,Non-Metro,Noncore,Non-core,Border,Non-Border
66,Eastland,48133.0,67.0,2.0,2/3,--,--,Non-Metro,Noncore,Non-core,Non-Border,Non-Border
67,Ector,48135.0,68.0,9.0,9/10,Odessa,--,Metro,Small Metro,Small Metro,Non-Border,Non-Border
68,Edwards,48137.0,69.0,8.0,8,--,--,Non-Metro,Noncore,Non-core,Border,Non-Border
69,Ellis,48139.0,70.0,3.0,2/3,Dallas-Fort Worth-Arlington,Dallas-Plano-Irving MD,Metro,Large Fringe Metro,Large Fringe Metro,Non-Border,Non-Border
70,El Paso,48141.0,71.0,10.0,9/10,El Paso,--,Metro,Medium Metro,Medium Metro,Border,Border
71,Erath,48143.0,72.0,3.0,2/3,--,--,Non-Metro,Micropolitan,Micropolitan,Non-Border,Non-Border
72,Falls,48145.0,73.0,7.0,7,Waco,--,Metro,Noncore,Medium Metro,Non-Border,Non-Border
73,Fannin,48147.0,74.0,3.0,2/3,--,--,Non-Metro,Micropolitan,Non-core,Non-Border,Non-Border
74,Fayette,48149.0,75.0,7.0,7,--,--,Non-Metro,Noncore,Non-core,Non-Border,Non-Border
75,Fisher,48151.0,76.0,2.0,2/3,--,--,Non-Metro,Noncore,Non-core,Non-Border,Non-Border
76,Floyd,48153.0,77.0,1.0,1,--,--,Non-Metro,Noncore,Non-core,Non-Border,Non-Border
77,Foard,48155.0,78.0,2.0,2/3,--,--,Non-Metro,Noncore,Non-core,Non-Border,Non-Border
78,Fort Bend,48157.0,79.0,6.0,6/5S,Houston-The Woodlands-Sugar Land,--,Metro,Large Fringe Metro,Large Fringe Metro,Non-Border,Non-Border
79,Franklin,48159.0,80.0,4.0,4/5N,--,--,Non-Metro,Noncore,Non-core,Non-Border,Non-Border
80,Freestone,48161.0,81.0,7.0,7,--,--,Non-Metro,Noncore,Non-core,Non-Border,Non-Border
81,Frio,48163.0,82.0,8.0,8,--,--,Non-Metro,Noncore,Non-core,Border,Non-Border
82,Gaines,48165.0,83.0,9.0,9/10,--,--,Non-Metro,Noncore,Non-core,Non-Border,Non-Border
83,Galveston,48167.0,84.0,6.0,6/5S,Houston-The Woodlands-Sugar Land,--,Metro,Large Fringe Metro,Large Fringe Metro,Non-Border,Non-Border
84,Garza,48169.0,85.0,1.0,1,--,--,Non-Metro,Noncore,Non-core,Non-Border,Non-Border
85,Gillespie,48171.0,86.0,8.0,8,--,--,Non-Metro,Noncore,Micropolitan,Non-Border,Non-Border
86,Glasscock,48173.0,87.0,9.0,9/10,--,--,Non-Metro,Noncore,Micropolitan,Non-Border,Non-Border
87,Goliad,48175.0,88.0,8.0,8,Victoria,--,Metro,Small Metro,Small Metro,Non-Border,Non-Border
88,Gonzales,48177.0,89.0,8.0,8,--,--,Non-Metro,Noncore,Non-core,Non-Border,Non-Border
89,Gray,48179.0,90.0,1.0,1,--,--,Non-Metro,Micropolitan,Micropolitan,Non-Border,Non-Border
90,Grayson,48181.0,91.0,3.0,2/3,Sherman-Denison,--,Metro,Small Metro,Small Metro,Non-Border,Non-Border
91,Gregg,48183.0,92.0,4.0,4/5N,Longview,--,Metro,Small Metro,Small Metro,Non-Border,Non-Border
92,Grimes,48185.0,93.0,7.0,7,--,--,Non-Metro,Noncore,Non-core,Non-Border,Non-Border
93,Guadalupe,48187.0,94.0,8.0,8,San Antonio-New Braunfels,--,Metro,Large Fringe Metro,Large Fringe Metro,Non-Border,Non-Border
94,Hale,48189.0,95.0,1.0,1,--,--,Non-Metro,Micropolitan,Micropolitan,Non-Border,Non-Border
95,Hall,48191.0,96.0,1.0,1,--,--,Non-Metro,Noncore,Non-core,Non-Border,Non-Border
96,Hamilton,48193.0,97.0,7.0,7,--,--,Non-Metro,Noncore,Non-core,Non-Border,Non-Border
97,Hansford,48195.0,98.0,1.0,1,--,--,Non-Metro,Noncore,Non-core,Non-Border,Non-Border
98,Hardeman,48197.0,99.0,2.0,2/3,--,--,Non-Metro,Noncore,Non-core,Non-Border,Non-Border
99,Hardin,48199.0,100.0,5.0,6/5S,Beaumont-Port Arthur,--,Metro,Medium Metro,Medium Metro,Non-Border,Non-Border
100,Harris,48201.0,101.0,6.0,6/5S,Houston-The Woodlands-Sugar Land,--,Metro,Large Central Metro,Large Central Metro,Non-Border,Non-Border
101,Harrison,48203.0,102.0,4.0,4/5N,--,--,Non-Metro,Micropolitan,Micropolitan,Non-Border,Non-Border
102,Hartley,48205.0,103.0,1.0,1,--,--,Non-Metro,Noncore,Non-core,Non-Border,Non-Border
103,Haskell,48207.0,104.0,2.0,2/3,--,--,Non-Metro,Noncore,Non-core,Non-Border,Non-Border
104,Hays,48209.0,105.0,7.0,7,Austin-Round Rock,--,Metro,Large Fringe Metro,Large Fringe Metro,Non-Border,Non-Border
105,Hemphill,48211.0,106.0,1.0,1,--,--,Non-Metro,Noncore,Non-core,Non-Border,Non-Border
106,Henderson,48213.0,107.0,4.0,4/5N,--,--,Non-Metro,Micropolitan,Micropolitan,Non-Border,Non-Border
107,Hidalgo,48215.0,108.0,11.0,11,McAllen-Edinburgh-Mission,--,Metro,Medium Metro,Medium Metro,Border,Border
108,Hill,48217.0,109.0,7.0,7,--,--,Non-Metro,Noncore,Non-core,Non-Border,Non-Border
109,Hockley,48219.0,110.0,1.0,1,--,--,Non-Metro,Micropolitan,Micropolitan,Non-Border,Non-Border
110,Hood,48221.0,111.0,3.0,2/3,Dallas-Fort Worth-Arlington,Fort Worth-Arlington MD,Metro,Micropolitan,Large Fringe Metro,Non-Border,Non-Border
111,Hopkins,48223.0,112.0,4.0,4/5N,--,--,Non-Metro,Micropolitan,Micropolitan,Non-Border,Non-Border
112,Houston,48225.0,113.0,5.0,4/5N,--,--,Non-Metro,Noncore,Non-core,Non-Border,Non-Border
113,Howard,48227.0,114.0,9.0,9/10,--,--,Non-Metro,Micropolitan,Micropolitan,Non-Border,Non-Border
114,Hudspeth,48229.0,115.0,10.0,9/10,El Paso,--,Metro,Noncore,Medium Metro,Border,Border
115,Hunt,48231.0,116.0,3.0,2/3,Dallas-Fort Worth-Arlington,Dallas-Plano-Irving MD,Metro,Large Fringe Metro,Large Fringe Metro,Non-Border,Non-Border
116,Hutchinson,48233.0,117.0,1.0,1,--,--,Non-Metro,Micropolitan,Micropolitan,Non-Border,Non-Border
117,Irion,48235.0,118.0,9.0,9/10,San Angelo,--,Metro,Small Metro,Small Metro,Non-Border,Non-Border
118,Jack,48237.0,119.0,2.0,2/3,--,--,Non-Metro,Noncore,Non-core,Non-Border,Non-Border
119,Jackson,48239.0,120.0,8.0,8,--,--,Non-Metro,Noncore,Non-core,Non-Border,Non-Border
120,Jasper,48241.0,121.0,5.0,4/5N,--,--,Non-Metro,Noncore,Non-core,Non-Border,Non-Border
121,Jeff Davis,48243.0,122.0,10.0,9/10,--,--,Non-Metro,Noncore,Non-core,Border,Border
122,Jefferson,48245.0,123.0,5.0,6/5S,Beaumont-Port Arthur,--,Metro,Medium Metro,Medium Metro,Non-Border,Non-Border
123,Jim Hogg,48247.0,124.0,11.0,11,--,--,Non-Metro,Noncore,Non-core,Border,Non-Border
124,Jim Wells,48249.0,125.0,11.0,11,--,--,Non-Metro,Micropolitan,Micropolitan,Non-Border,Non-Border
125,Johnson,48251.0,126.0,3.0,2/3,Dallas-Fort Worth-Arlington,Fort Worth-Arlington MD,Metro,Large Fringe Metro,Large Fringe Metro,Non-Border,Non-Border
126,Jones,48253.0,127.0,2.0,2/3,Abilene,--,Metro,Small Metro,Small Metro,Non-Border,Non-Border
127,Karnes,48255.0,128.0,8.0,8,--,--,Non-Metro,Noncore,Non-core,Non-Border,Non-Border
128,Kaufman,48257.0,129.0,3.0,2/3,Dallas-Fort Worth-Arlington,Dallas-Plano-Irving MD,Metro,Large Fringe Metro,Large Fringe Metro,Non-Border,Non-Border
129,Kendall,48259.0,130.0,8.0,8,San Antonio-New Braunfels,--,Metro,Large Fringe Metro,Large Fringe Metro,Non-Border,Non-Border
130,Kenedy,48261.0,131.0,11.0,11,--,--,Non-Metro,Micropolitan,Micropolitan,Border,Non-Border
131,Kent,48263.0,132.0,2.0,2/3,--,--,Non-Metro,Noncore,Non-core,Non-Border,Non-Border
132,Kerr,48265.0,133.0,8.0,8,--,--,Non-Metro,Micropolitan,Micropolitan,Non-Border,Non-Border
133,Kimble,48267.0,134.0,9.0,9/10,--,--,Non-Metro,Noncore,Non-core,Non-Border,Non-Border
134,King,48269.0,135.0,1.0,1,--,--,Non-Metro,Noncore,Non-core,Non-Border,Non-Border
135,Kinney,48271.0,136.0,8.0,8,--,--,Non-Metro,Noncore,Non-core,Border,Border
136,Kleberg,48273.0,137.0,11.0,11,--,--,Non-Metro,Micropolitan,Micropolitan,Non-Border,Non-Border
137,Knox,48275.0,138.0,2.0,2/3,--,--,Non-Metro,Noncore,Non-core,Non-Border,Non-Border
138,Lamar,48277.0,139.0,4.0,4/5N,--,--,Non-Metro,Micropolitan,Micropolitan,Non-Border,Non-Border
139,Lamb,48279.0,140.0,1.0,1,--,--,Non-Metro,Noncore,Non-core,Non-Border,Non-Border
140,Lampasas,48281.0,141.0,7.0,7,Killeen-Temple,--,Metro,Medium Metro,Medium Metro,Non-Border,Non-Border
141,La Salle,48283.0,142.0,8.0,8,--,--,Non-Metro,Noncore,Non-core,Border,Non-Border
142,Lavaca,48285.0,143.0,8.0,8,--,--,Non-Metro,Noncore,Non-core,Non-Border,Non-Border
143,Lee,48287.0,144.0,7.0,7,--,--,Non-Metro,Noncore,Non-core,Non-Border,Non-Border
144,Leon,48289.0,145.0,7.0,7,--,--,Non-Metro,Noncore,Non-core,Non-Border,Non-Border
145,Liberty,48291.0,146.0,6.0,6/5S,Houston-The Woodlands-Sugar Land,--,Metro,Large Fringe Metro,Large Fringe Metro,Non-Border,Non-Border
146,Limestone,48293.0,147.0,7.0,7,--,--,Non-Metro,Noncore,Non-core,Non-Border,Non-Border
147,Lipscomb,48295.0,148.0,1.0,1,--,--,Non-Metro,Noncore,Non-core,Non-Border,Non-Border
148,Live Oak,48297.0,149.0,11.0,11,--,--,Non-Metro,Noncore,Non-core,Non-Border,Non-Border
149,Llano,48299.0,150.0,7.0,7,--,--,Non-Metro,Noncore,Non-core,Non-Border,Non-Border
150,Loving,48301.0,151.0,9.0,9/10,--,--,Non-Metro,Noncore,Non-core,Non-Border,Non-Border
151,Lubbock,48303.0,152.0,1.0,1,Lubbock,--,Metro,Medium Metro,Medium Metro,Non-Border,Non-Border
152,Lynn,48305.0,153.0,1.0,1,Lubbock,--,Metro,Noncore,Medium Metro,Non-Border,Non-Border
153,McCulloch,48307.0,154.0,9.0,9/10,--,--,Non-Metro,Noncore,Non-core,Non-Border,Non-Border
154,McLennan,48309.0,155.0,7.0,7,Waco,--,Metro,Small Metro,Medium Metro,Non-Border,Non-Border
155,McMullen,48311.0,156.0,11.0,11,--,--,Non-Metro,Noncore,Non-core,Border,Non-Border
156,Madison,48313.0,157.0,7.0,7,--,--,Non-Metro,Noncore,Non-core,Non-Border,Non-Border
157,Marion,48315.0,158.0,4.0,4/5N,--,--,Non-Metro,Noncore,Non-core,Non-Border,Non-Border
158,Martin,48317.0,159.0,9.0,9/10,Midland,--,Metro,Noncore,Small Metro,Non-Border,Non-Border
159,Mason,48319.0,160.0,9.0,9/10,--,--,Non-Metro,Noncore,Non-core,Non-Border,Non-Border
160,Matagorda,48321.0,161.0,6.0,6/5S,--,--,Non-Metro,Micropolitan,Micropolitan,Non-Border,Non-Border
161,Maverick,48323.0,162.0,8.0,8,--,--,Non-Metro,Micropolitan,Micropolitan,Border,Border
162,Medina,48325.0,163.0,8.0,8,San Antonio-New Braunfels,--,Metro,Large Fringe Metro,Large Fringe Metro,Non-Border,Non-Border
163,Menard,48327.0,164.0,9.0,9/10,--,--,Non-Metro,Noncore,Non-core,Non-Border,Non-Border
164,Midland,48329.0,165.0,9.0,9/10,Midland,--,Metro,Small Metro,Small Metro,Non-Border,Non-Border
165,Milam,48331.0,166.0,7.0,7,--,--,Non-Metro,Noncore,Non-core,Non-Border,Non-Border
166,Mills,48333.0,167.0,7.0,7,--,--,Non-Metro,Noncore,Non-core,Non-Border,Non-Border
167,Mitchell,48335.0,168.0,2.0,2/3,--,--,Non-Metro,Noncore,Non-core,Non-Border,Non-Border
168,Montague,48337.0,169.0,2.0,2/3,--,--,Non-Metro,Noncore,Non-core,Non-Border,Non-Border
169,Montgomery,48339.0,170.0,6.0,6/5S,Houston-The Woodlands-Sugar Land,--,Metro,Large Fringe Metro,Large Fringe Metro,Non-Border,Non-Border
170,Moore,48341.0,171.0,1.0,1,--,--,Non-Metro,Micropolitan,Micropolitan,Non-Border,Non-Border
171,Morris,48343.0,172.0,4.0,4/5N,--,--,Non-Metro,Noncore,Non-core,Non-Border,Non-Border
172,Motley,48345.0,173.0,1.0,1,--,--,Non-Metro,Noncore,Non-core,Non-Border,Non-Border
173,Nacogdoches,48347.0,174.0,5.0,4/5N,--,--,Non-Metro,Micropolitan,Micropolitan,Non-Border,Non-Border
174,Navarro,48349.0,175.0,3.0,2/3,--,--,Non-Metro,Micropolitan,Micropolitan,Non-Border,Non-Border
175,Newton,48351.0,176.0,5.0,4/5N,Beaumont-Port Arthur,--,Metro,Noncore,Medium Metro,Non-Border,Non-Border
176,Nolan,48353.0,177.0,2.0,2/3,--,--,Non-Metro,Micropolitan,Micropolitan,Non-Border,Non-Border
177,Nueces,48355.0,178.0,11.0,11,Corpus Christi,--,Metro,Medium Metro,Medium Metro,Non-Border,Non-Border
178,Ochiltree,48357.0,179.0,1.0,1,--,--,Non-Metro,Noncore,Non-core,Non-Border,Non-Border
179,Oldham,48359.0,180.0,1.0,1,Amarillo,--,Metro,Noncore,Medium Metro,Non-Border,Non-Border
180,Orange,48361.0,181.0,5.0,6/5S,Beaumont-Port Arthur,--,Metro,Medium Metro,Medium Metro,Non-Border,Non-Border
181,Palo Pinto,48363.0,182.0,3.0,2/3,--,--,Non-Metro,Micropolitan,Micropolitan,Non-Border,Non-Border
182,Panola,48365.0,183.0,4.0,4/5N,--,--,Non-Metro,Noncore,Non-core,Non-Border,Non-Border
183,Parker,48367.0,184.0,3.0,2/3,Dallas-Fort Worth-Arlington,Fort Worth-Arlington MD,Metro,Large Fringe Metro,Large Fringe Metro,Non-Border,Non-Border
184,Parmer,48369.0,185.0,1.0,1,--,--,Non-Metro,Noncore,Non-core,Non-Border,Non-Border
185,Pecos,48371.0,186.0,9.0,9/10,--,--,Non-Metro,Noncore,Non-core,Border,Non-Border
186,Polk,48373.0,187.0,5.0,4/5N,--,--,Non-Metro,Noncore,Non-core,Non-Border,Non-Border
187,Potter,48375.0,188.0,1.0,1,Amarillo,--,Metro,Small Metro,Medium Metro,Non-Border,Non-Border
188,Presidio,48377.0,189.0,10.0,9/10,--,--,Non-Metro,Noncore,Non-core,Border,Border
189,Rains,48379.0,190.0,4.0,4/5N,--,--,Non-Metro,Noncore,Non-core,Non-Border,Non-Border
190,Randall,48381.0,191.0,1.0,1,Amarillo,--,Metro,Small Metro,Medium Metro,Non-Border,Non-Border
191,Reagan,48383.0,192.0,9.0,9/10,--,--,Non-Metro,Noncore,Non-core,Non-Border,Non-Border
192,Real,48385.0,193.0,8.0,8,--,--,Non-Metro,Noncore,Non-core,Border,Non-Border
193,Red River,48387.0,194.0,4.0,4/5N,--,--,Non-Metro,Noncore,Non-core,Non-Border,Non-Border
194,Reeves,48389.0,195.0,9.0,9/10,--,--,Non-Metro,Micropolitan,Micropolitan,Border,Non-Border
195,Refugio,48391.0,196.0,11.0,11,--,--,Non-Metro,Noncore,Non-core,Non-Border,Non-Border
196,Roberts,48393.0,197.0,1.0,1,--,--,Non-Metro,Micropolitan,Non-core,Non-Border,Non-Border
197,Robertson,48395.0,198.0,7.0,7,College Station-Bryan,--,Metro,Small Metro,Small Metro,Non-Border,Non-Border
198,Rockwall,48397.0,199.0,3.0,2/3,Dallas-Fort Worth-Arlington,Dallas-Plano-Irving MD,Metro,Large Fringe Metro,Large Fringe Metro,Non-Border,Non-Border
199,Runnels,48399.0,200.0,2.0,2/3,--,--,Non-Metro,Noncore,Non-core,Non-Border,Non-Border
200,Rusk,48401.0,201.0,4.0,4/5N,Longview,--,Metro,Small Metro,Small Metro,Non-Border,Non-Border
201,Sabine,48403.0,202.0,5.0,4/5N,--,--,Non-Metro,Noncore,Non-core,Non-Border,Non-Border
202,San Augustine,48405.0,203.0,5.0,4/5N,--,--,Non-Metro,Noncore,Non-core,Non-Border,Non-Border
203,San Jacinto,48407.0,204.0,5.0,4/5N,--,--,Non-Metro,Large Fringe Metro,Non-core,Non-Border,Non-Border
204,San Patricio,48409.0,205.0,11.0,11,Corpus Christi,--,Metro,Medium Metro,Medium Metro,Non-Border,Non-Border
205,San Saba,48411.0,206.0,7.0,7,--,--,Non-Metro,Noncore,Non-core,Non-Border,Non-Border
206,Schleicher,48413.0,207.0,9.0,9/10,--,--,Non-Metro,Noncore,Non-core,Non-Border,Non-Border
207,Scurry,48415.0,208.0,2.0,2/3,--,--,Non-Metro,Micropolitan,Micropolitan,Non-Border,Non-Border
208,Shackelford,48417.0,209.0,2.0,2/3,--,--,Non-Metro,Noncore,Non-core,Non-Border,Non-Border
209,Shelby,48419.0,210.0,5.0,4/5N,--,--,Non-Metro,Noncore,Non-core,Non-Border,Non-Border
210,Sherman,48421.0,211.0,1.0,1,--,--,Non-Metro,Noncore,Non-core,Non-Border,Non-Border
211,Smith,48423.0,212.0,4.0,4/5N,Tyler,--,Metro,Small Metro,Small Metro,Non-Border,Non-Border
212,Somervell,48425.0,213.0,3.0,2/3,Dallas-Fort Worth-Arlington,Fort Worth-Arlington MD,Metro,Micropolitan,Large Fringe Metro,Non-Border,Non-Border
213,Starr,48427.0,214.0,11.0,11,--,--,Non-Metro,Micropolitan,Micropolitan,Border,Border
214,Stephens,48429.0,215.0,2.0,2/3,--,--,Non-Metro,Noncore,Non-core,Non-Border,Non-Border
215,Sterling,48431.0,216.0,9.0,9/10,--,--,Non-Metro,Noncore,Non-core,Non-Border,Non-Border
216,Stonewall,48433.0,217.0,2.0,2/3,--,--,Non-Metro,Noncore,Non-core,Non-Border,Non-Border
217,Sutton,48435.0,218.0,9.0,9/10,--,--,Non-Metro,Noncore,Non-core,Border,Non-Border
218,Swisher,48437.0,219.0,1.0,1,--,--,Non-Metro,Noncore,Non-core,Non-Border,Non-Border
219,Tarrant,48439.0,220.0,3.0,2/3,Dallas-Fort Worth-Arlington,Fort Worth-Arlington MD,Metro,Large Central Metro,Large Central Metro,Non-Border,Non-Border
220,Taylor,48441.0,221.0,2.0,2/3,Abilene,--,Metro,Small Metro,Small Metro,Non-Border,Non-Border
221,Terrell,48443.0,222.0,9.0,9/10,--,--,Non-Metro,Noncore,Non-core,Border,Border
222,Terry,48445.0,223.0,1.0,1,--,--,Non-Metro,Noncore,Non-core,Non-Border,Non-Border
223,Throckmorton,48447.0,224.0,2.0,2/3,--,--,Non-Metro,Noncore,Non-core,Non-Border,Non-Border
224,Titus,48449.0,225.0,4.0,4/5N,--,--,Non-Metro,Micropolitan,Micropolitan,Non-Border,Non-Border
225,Tom Green,48451.0,226.0,9.0,9/10,San Angelo,--,Metro,Small Metro,Small Metro,Non-Border,Non-Border
226,Travis,48453.0,227.0,7.0,7,Austin-Round Rock,--,Metro,Large Central Metro,Large Central Metro,Non-Border,Non-Border
227,Trinity,48455.0,228.0,5.0,4/5N,--,--,Non-Metro,Noncore,Micropolitan,Non-Border,Non-Border
228,Tyler,48457.0,229.0,5.0,4/5N,--,--,Non-Metro,Noncore,Non-core,Non-Border,Non-Border
229,Upshur,48459.0,230.0,4.0,4/5N,Longview,--,Metro,Small Metro,Small Metro,Non-Border,Non-Border
230,Upton,48461.0,231.0,9.0,9/10,--,--,Non-Metro,Noncore,Non-core,Non-Border,Non-Border
231,Uvalde,48463.0,232.0,8.0,8,--,--,Non-Metro,Micropolitan,Micropolitan,Border,Non-Border
232,Val Verde,48465.0,233.0,8.0,8,--,--,Non-Metro,Micropolitan,Micropolitan,Border,Border
233,Van Zandt,48467.0,234.0,4.0,4/5N,--,--,Non-Metro,Noncore,Non-core,Non-Border,Non-Border
234,Victoria,48469.0,235.0,8.0,8,Victoria,--,Metro,Small Metro,Small Metro,Non-Border,Non-Border
235,Walker,48471.0,236.0,6.0,6/5S,--,--,Non-Metro,Micropolitan,Micropolitan,Non-Border,Non-Border
236,Waller,48473.0,237.0,6.0,6/5S,Houston-The Woodlands-Sugar Land,--,Metro,Large Fringe Metro,Large Fringe Metro,Non-Border,Non-Border
237,Ward,48475.0,238.0,9.0,9/10,--,--,Non-Metro,Noncore,Non-core,Non-Border,Non-Border
238,Washington,48477.0,239.0,7.0,7,--,--,Non-Metro,Micropolitan,Micropolitan,Non-Border,Non-Border
239,Webb,48479.0,240.0,11.0,11,Laredo,--,Metro,Small Metro,Medium Metro,Border,Border
240,Wharton,48481.0,241.0,6.0,6/5S,--,--,Non-Metro,Micropolitan,Micropolitan,Non-Border,Non-Border
241,Wheeler,48483.0,242.0,1.0,1,--,--,Non-Metro,Noncore,Non-core,Non-Border,Non-Border
242,Wichita,48485.0,243.0,2.0,2/3,Wichita Falls,--,Metro,Small Metro,Small Metro,Non-Border,Non-Border
243,Wilbarger,48487.0,244.0,2.0,2/3,--,--,Non-Metro,Micropolitan,Micropolitan,Non-Border,Non-Border
244,Willacy,48489.0,245.0,11.0,11,--,--,Non-Metro,Micropolitan,Micropolitan,Border,Border
245,Williamson,48491.0,246.0,7.0,7,Austin-Round Rock,--,Metro,Large Fringe Metro,Large Fringe Metro,Non-Border,Non-Border
246,Wilson,48493.0,247.0,8.0,8,San Antonio-New Braunfels,--,Metro,Large Fringe Metro,Large Fringe Metro,Non-Border,Non-Border
247,Winkler,48495.0,248.0,9.0,9/10,--,--,Non-Metro,Noncore,Non-core,Non-Border,Non-Border
248,Wise,48497.0,249.0,3.0,2/3,Dallas-Fort Worth-Arlington,Fort Worth-Arlington MD,Metro,Large Fringe Metro,Large Fringe Metro,Non-Border,Non-Border
249,Wood,48499.0,250.0,4.0,4/5N,--,--,Non-Metro,Noncore,Non-core,Non-Border,Non-Border
250,Yoakum,48501.0,251.0,1.0,1,--,--,Non-Metro,Noncore,Non-core,Non-Border,Non-Border
251,Young,48503.0,252.0,2.0,2/3,--,--,Non-Metro,Noncore,Non-core,Non-Border,Non-Border
252,Zapata,48505.0,253.0,11.0,11,--,--,Non-Metro,Noncore,Micropolitan,Border,Border
253,Zavala,48507.0,254.0,8.0,8,--,--,Non-Metro,Noncore,Non-core,Border,Non-Border
